"Comment Number","User Name","Comment Text","Comment Status","Comment Assignee","Date Created","Canvas Version","Comment URL","Comment Labels","Comment Replies","Text Content Before","Text Content After","Screenshot URL","Original URL","Metadata - Screen Size","Metadata - Browser","Metadata - OS","Claude Status","Claude Notes"
"1","Cumulus","Remove email as need to drive people to enquiry form","active","","2026-06-05 12:18","Version 1","https://usepastel.com/link/o1gj710o/comment/11756760/","","","","","https://user-assets.usepastel.com/screenshot/4TGsDim4rNllu95N.jpg","https://surreycontracting.cumulusdigital.co.uk/","1440 x 840","Safari 26.5","Mac OS 10.15.7","DONE","Email removed from top bar, contact page & homepage quote block (live)"
"2","Ed Laycock","Change ""
From enabling works and si..."" to ""
From enabling works and si...""","active","","2026-06-05 12:31","Version 1","https://usepastel.com/link/o1gj710o/comment/11756796/","","","
From enabling works and site clearance through to completed surfacing and external works — one experienced team delivering across commercial, residential and developer projects throughout Surrey.
","
From enabling works and site clearance through to completed surfacing and external works, one experienced team delivering across commercial, residential and developer projects throughout Surrey.
","https://user-assets.usepastel.com/screenshot/lxUbBhLLPdQF7m8H.jpg","https://surreycontracting.cumulusdigital.co.uk/","1920 x 1140","Chrome 148.0.0.0","Mac OS 10.15.7","FLAGGED (sign-off)","Jason's wording captured — confirm exact target element before applying"
"3","Ed Laycock","Reduce the Padding gap here.","active","","2026-06-05 12:32","Version 1","https://usepastel.com/link/o1gj710o/comment/11756800/","","","","","https://user-assets.usepastel.com/screenshot/ishS4pjhI6cucgQx.jpg","https://surreycontracting.cumulusdigital.co.uk/","1620 x 1140","Chrome 148.0.0.0","Mac OS 10.15.7","NEEDS CLARIFICATION","CSS spacing tweak — identify which section from screenshot"
"4","Ed Laycock","Reduce padding gap","active","","2026-06-05 12:32","Version 1","https://usepastel.com/link/o1gj710o/comment/11756802/","","","","","https://user-assets.usepastel.com/screenshot/EcYtWeglVlxyqPu2.jpg","https://surreycontracting.cumulusdigital.co.uk/","1620 x 1140","Chrome 148.0.0.0","Mac OS 10.15.7","NEEDS CLARIFICATION","CSS spacing tweak — identify which section from screenshot"
"5","Ed Laycock","Change ""CHAS, Constructionline Gold..."" to ""CHAS, Constructionline, Saf...""","active","","2026-06-05 12:33","Version 1","https://usepastel.com/link/o1gj710o/comment/11756804/","","","CHAS, Constructionline Gold, SafeContractor and £10m PLI. Audited every job.","CHAS, Constructionline, SafeContractor and £10m PLI. Audited every job.","https://user-assets.usepastel.com/screenshot/XieG7BeU5uY7N7lJ.jpg","https://surreycontracting.cumulusdigital.co.uk/","1620 x 1140","Chrome 148.0.0.0","Mac OS 10.15.7","DONE","Homepage: removed 'Gold' -> 'CHAS, Constructionline, SafeContractor...' (live)"
"6","Jason","& SouthEast","active","","2026-06-07 17:44","Version 1","https://usepastel.com/link/o1gj710o/comment/11765170/","","","","","https://user-assets.usepastel.com/screenshot/Q5T1GyIqG4V8aovS.jpg","https://surreycontracting.cumulusdigital.co.uk/","1425 x 649","Chrome 148.0.0.0","Windows 10","FLAGGED (sign-off)","Jason's wording captured — confirm exact target element before applying"
"7","Jason","Years of experience ","active","","2026-06-07 17:44","Version 1","https://usepastel.com/link/o1gj710o/comment/11765171/","","","","","https://user-assets.usepastel.com/screenshot/YY2nYGHjawoX6Rjh.jpg","https://surreycontracting.cumulusdigital.co.uk/","1425 x 649","Chrome 148.0.0.0","Windows 10","FLAGGED (sign-off)","Jason's wording captured — confirm exact target element before applying"
"8","Jason","Established across Surrey & London ","active","","2026-06-07 17:46","Version 1","https://usepastel.com/link/o1gj710o/comment/11765175/","","","","","https://user-assets.usepastel.com/screenshot/oZVpmXaHP7rhuU0a.jpg","https://surreycontracting.cumulusdigital.co.uk/","1125 x 649","Chrome 148.0.0.0","Windows 10","FLAGGED (sign-off)","Jason's wording captured — confirm exact target element before applying"
"9","Jason","One contractor from start to finish. ","active","","2026-06-07 17:52","Version 1","https://usepastel.com/link/o1gj710o/comment/11765183/","","","","","https://user-assets.usepastel.com/screenshot/VDuhkJG0JrbIy0NS.jpg","https://surreycontracting.cumulusdigital.co.uk/","1125 x 649","Chrome 148.0.0.0","Windows 10","FLAGGED (sign-off)","Jason's wording captured — confirm exact target element before applying"
"10","Jason","Four core disciplines, delivered in house by our specialist team of contractors. We take your project from its inital stages rite throgh to the finished surfaces, no chain of subbies and diffrent contracts to chase one point of contct for complete simplicity. ","active","","2026-06-07 17:57","Version 1","https://usepastel.com/link/o1gj710o/comment/11765185/","","","","","https://user-assets.usepastel.com/screenshot/XwzvpSzljSMpywXl.jpg","https://surreycontracting.cumulusdigital.co.uk/","1125 x 649","Chrome 148.0.0.0","Windows 10","FLAGGED (sign-off)","Jason's wording captured — confirm exact target element before applying"
"11","Jason","Commercial and residential demoltion, from small residential projects to large commercial sites, soft strip outs, on site crushing and asbestoes removal.","active","","2026-06-07 17:59","Version 1","https://usepastel.com/link/o1gj710o/comment/11765186/","","","","","https://user-assets.usepastel.com/screenshot/dK4g4z1lyO3m6488.jpg","https://surreycontracting.cumulusdigital.co.uk/","1125 x 649","Chrome 148.0.0.0","Windows 10","FLAGGED (sign-off)","Jason's wording captured — confirm exact target element before applying"
"12","Jason","Foundations, foul and surface water drianage, concrete works infrastructure works, residential and commercial developments.","active","","2026-06-07 18:02","Version 1","https://usepastel.com/link/o1gj710o/comment/11765188/","","","","","https://user-assets.usepastel.com/screenshot/gRea5jVk9AOFOVqB.jpg","https://surreycontracting.cumulusdigital.co.uk/","1125 x 649","Chrome 148.0.0.0","Windows 10","FLAGGED (sign-off)","Jason's wording captured — confirm exact target element before applying"
"13","Jason","From small-scale residential site levelling projects right through to large-scale commercial sites, we specialise in bulk earthworks, excavations and site levelling projects.","active","","2026-06-07 18:05","Version 1","https://usepastel.com/link/o1gj710o/comment/11765191/","","","","","https://user-assets.usepastel.com/screenshot/EzLqNh3EWqmd0QS8.jpg","https://surreycontracting.cumulusdigital.co.uk/","1125 x 649","Chrome 148.0.0.0","Windows 10","FLAGGED (sign-off)","Jason's wording captured — confirm exact target element before applying"
"14","Jason","We offer complete Commercial surfacing solutions for the commercial sector from Schools to car parks, industrial yards, access roads and more, from tarmac to resin bound, block paving and paving.","active","","2026-06-07 18:12","Version 1","https://usepastel.com/link/o1gj710o/comment/11765197/","","","","","https://user-assets.usepastel.com/screenshot/awstCBvk5xK1ihDl.jpg","https://surreycontracting.cumulusdigital.co.uk/","1125 x 649","Chrome 148.0.0.0","Windows 10","FLAGGED (sign-off)","Jason's wording captured — confirm exact target element before applying"
"15","Jason","Were a fully Accredited and isured contractor, you can ensure every project undertaken safeley and effectiently. ","active","","2026-06-07 18:14","Version 1","https://usepastel.com/link/o1gj710o/comment/11765198/","","","","","https://user-assets.usepastel.com/screenshot/9zJrHJU1ke1PSCGB.jpg","https://surreycontracting.cumulusdigital.co.uk/","1125 x 649","Chrome 148.0.0.0","Windows 10","FLAGGED (sign-off)","Jason's wording captured — confirm exact target element before applying"
"16","Jason","One contractor, one point of contact from start to finish. No miscommunication — complete integrity and transparency through every stage of the project.","active","","2026-06-07 18:17","Version 1","https://usepastel.com/link/o1gj710o/comment/11765206/","","","","","https://user-assets.usepastel.com/screenshot/fk3PmvXHRrneKv6k.jpg","https://surreycontracting.cumulusdigital.co.uk/","1125 x 649","Chrome 148.0.0.0","Windows 10","FLAGGED (sign-off)","Jason's wording captured — confirm exact target element before applying"
"17","Jason","Logistics, Programmes & Planning","active","","2026-06-07 18:21","Version 1","https://usepastel.com/link/o1gj710o/comment/11765209/","","","","","https://user-assets.usepastel.com/screenshot/MNMXimCaxUG03mBK.jpg","https://surreycontracting.cumulusdigital.co.uk/","1125 x 649","Chrome 148.0.0.0","Windows 10","FLAGGED (sign-off)","Jason's wording captured — confirm exact target element before applying"
"18","Jason","From the planning stage through to site programmes and logistics, we plan every stage from start to finish.","active","","2026-06-07 18:24","Version 1","https://usepastel.com/link/o1gj710o/comment/11765214/","","","","","https://user-assets.usepastel.com/screenshot/eeFdc49rQnMbt3yl.jpg","https://surreycontracting.cumulusdigital.co.uk/","1125 x 649","Chrome 148.0.0.0","Windows 10","FLAGGED (sign-off)","Jason's wording captured — confirm exact target element before applying"
"19","Jason","One point of contact ","active","","2026-06-07 18:25","Version 1","https://usepastel.com/link/o1gj710o/comment/11765216/","","","","","https://user-assets.usepastel.com/screenshot/FiDzTYECjOhaFAXG.jpg","https://surreycontracting.cumulusdigital.co.uk/","1125 x 649","Chrome 148.0.0.0","Windows 10","FLAGGED (sign-off)","Jason's wording captured — confirm exact target element before applying"
"20","Jason","No call centres. No multiple points of contact. One direct line every time, right from the start of your project through to handover.","active","","2026-06-07 18:31","Version 1","https://usepastel.com/link/o1gj710o/comment/11765222/","","","","","https://user-assets.usepastel.com/screenshot/XdqVwpLf41Syxh0K.jpg","https://surreycontracting.cumulusdigital.co.uk/","1125 x 649","Chrome 148.0.0.0","Windows 10","FLAGGED (sign-off)","Jason's wording captured — confirm exact target element before applying"
"21","Jason","Surrey Contracting Limited is a Site enabling ","active","","2026-06-07 18:31","Version 1","https://usepastel.com/link/o1gj710o/comment/11765225/","","","","","https://user-assets.usepastel.com/screenshot/XFbFn1yDrVj1unmt.jpg","https://surreycontracting.cumulusdigital.co.uk/","1125 x 649","Chrome 148.0.0.0","Windows 10","FLAGGED (sign-off)","Jason's wording captured — confirm exact target element before applying"
"22","Jason","Years Deliverinmg projects across Surrey & London","active","","2026-06-07 18:32","Version 1","https://usepastel.com/link/o1gj710o/comment/11765227/","","","","","https://user-assets.usepastel.com/screenshot/p6eXX74z3xTBrQej.jpg","https://surreycontracting.cumulusdigital.co.uk/","1125 x 649","Chrome 148.0.0.0","Windows 10","FLAGGED (sign-off)","Jason's wording captured — confirm exact target element before applying"
"23","Jason","We have been successfully delivering residential and commercial external works projects for over 15 years, providing turnkey solutions for developers, main contractors, homeowners, self-builders, local businesses and established organisations. No project is too small or too large. Every project receives the same level of expertise, care and professional service from start to finish.","active","","2026-06-07 18:38","Version 1","https://usepastel.com/link/o1gj710o/comment/11765233/","","","","","https://user-assets.usepastel.com/screenshot/OBp6kp46VCQKHDct.jpg","https://surreycontracting.cumulusdigital.co.uk/","1125 x 649","Chrome 148.0.0.0","Windows 10","FLAGGED (sign-off)","Jason's wording captured — confirm exact target element before applying"
"24","Jason","We manage every stage of the project in-house, from site clearance through to the finished surface. With our experienced team and structured approach, you can be confident your project will be delivered on time, to a high standard, and with quality maintained right through to handover.","active","","2026-06-07 18:42","Version 1","https://usepastel.com/link/o1gj710o/comment/11765238/","","","","","https://user-assets.usepastel.com/screenshot/8li6lYv2XCmVmFbU.jpg","https://surreycontracting.cumulusdigital.co.uk/","1125 x 649","Chrome 148.0.0.0","Windows 10","FLAGGED (sign-off)","Jason's wording captured — confirm exact target element before applying"
"25","Jason","Turnkey solutions for projects of all sizes and complexities, providing reliable services for residential, commercial and contractor-led works.","active","","2026-06-07 18:45","Version 1","https://usepastel.com/link/o1gj710o/comment/11765246/","","","","","https://user-assets.usepastel.com/screenshot/HkVNHBObBgRgU4Vp.jpg","https://surreycontracting.cumulusdigital.co.uk/","1125 x 649","Chrome 148.0.0.0","Windows 10","FLAGGED (sign-off)","Jason's wording captured — confirm exact target element before applying"
"26","Jason","Surfacing soultions for Car parks, roadways, indrustrial estates and commercial sites. We offer ashphalt surfacing, resin - bound surfacing, block paving and paving. One contractor from the base works rite through to the finished surface. ","active","","2026-06-07 18:49","Version 1","https://usepastel.com/link/o1gj710o/comment/11765259/","","","","","https://user-assets.usepastel.com/screenshot/57aSFbv1B0hgOYhl.jpg","https://surreycontracting.cumulusdigital.co.uk/","1125 x 649","Chrome 148.0.0.0","Windows 10","FLAGGED (sign-off)","Jason's wording captured — confirm exact target element before applying"
"27","Jason","Residential  ","active","","2026-06-07 18:50","Version 1","https://usepastel.com/link/o1gj710o/comment/11765266/","","","","","https://user-assets.usepastel.com/screenshot/Hfptv17Pj7PK8vn4.jpg","https://surreycontracting.cumulusdigital.co.uk/","1125 x 649","Chrome 148.0.0.0","Windows 10","FLAGGED (sign-off)","Jason's wording captured — confirm exact target element before applying"
"28","Jason","Commercial","active","","2026-06-07 18:50","Version 1","https://usepastel.com/link/o1gj710o/comment/11765268/","","","","","https://user-assets.usepastel.com/screenshot/kekIHh5kMhCPrIqZ.jpg","https://surreycontracting.cumulusdigital.co.uk/","1125 x 649","Chrome 148.0.0.0","Windows 10","FLAGGED (sign-off)","Jason's wording captured — confirm exact target element before applying"
"29","Jason","Remove ","active","","2026-06-07 18:51","Version 1","https://usepastel.com/link/o1gj710o/comment/11765271/","","","","","https://user-assets.usepastel.com/screenshot/YuSf5lPOBJBWLNd6.jpg","https://surreycontracting.cumulusdigital.co.uk/","1125 x 649","Chrome 148.0.0.0","Windows 10","NEEDS CLARIFICATION","Bare 'Remove' — need to know which element (check screenshot)"
"30","Jason","Remove","active","","2026-06-07 18:51","Version 1","https://usepastel.com/link/o1gj710o/comment/11765272/","","","","","https://user-assets.usepastel.com/screenshot/M6VtYMJClaiJyqoQ.jpg","https://surreycontracting.cumulusdigital.co.uk/","1125 x 649","Chrome 148.0.0.0","Windows 10","NEEDS CLARIFICATION","Bare 'Remove' — need to know which element (check screenshot)"
"31","Jason","Remove","active","","2026-06-07 18:51","Version 1","https://usepastel.com/link/o1gj710o/comment/11765274/","","","","","https://user-assets.usepastel.com/screenshot/93GdJIJ2TW2v1CVO.jpg","https://surreycontracting.cumulusdigital.co.uk/","1125 x 649","Chrome 148.0.0.0","Windows 10","NEEDS CLARIFICATION","Bare 'Remove' — need to know which element (check screenshot)"
"32","Jason","Sign off and project handover","active","","2026-06-07 18:52","Version 1","https://usepastel.com/link/o1gj710o/comment/11765276/","","","","","https://user-assets.usepastel.com/screenshot/7whVKObcgrMaDuNt.jpg","https://surreycontracting.cumulusdigital.co.uk/","1125 x 649","Chrome 148.0.0.0","Windows 10","FLAGGED (sign-off)","Jason's wording captured — confirm exact target element before applying"
"33","Jason","Site survey","active","","2026-06-07 18:52","Version 1","https://usepastel.com/link/o1gj710o/comment/11765280/","","","","","https://user-assets.usepastel.com/screenshot/Ogxja4kw4NGr3QVQ.jpg","https://surreycontracting.cumulusdigital.co.uk/","1125 x 649","Chrome 148.0.0.0","Windows 10","FLAGGED (sign-off)","Jason's wording captured — confirm exact target element before applying"
"34","Jason","Inital site visit and measure ","active","","2026-06-07 18:53","Version 1","https://usepastel.com/link/o1gj710o/comment/11765284/","","","","","https://user-assets.usepastel.com/screenshot/ShAzCcXolUtqQ4NN.jpg","https://surreycontracting.cumulusdigital.co.uk/","1125 x 649","Chrome 148.0.0.0","Windows 10","FLAGGED (sign-off)","Jason's wording captured — confirm exact target element before applying"
"35","Jason","No Surprises later in the project ","active","","2026-06-07 18:56","Version 1","https://usepastel.com/link/o1gj710o/comment/11765298/","","","","","https://user-assets.usepastel.com/screenshot/X3T1XtQra419jNnD.jpg","https://surreycontracting.cumulusdigital.co.uk/","1125 x 649","Chrome 148.0.0.0","Windows 10","FLAGGED (sign-off)","Jason's wording captured — confirm exact target element before applying"
"36","Jason","Our HQ is based just between Cobham and leatherhead, but we operate across Surrey, London and the South East.","active","","2026-06-07 18:59","Version 1","https://usepastel.com/link/o1gj710o/comment/11765312/","","","","","https://user-assets.usepastel.com/screenshot/yO3UE5kLuexOlAM3.jpg","https://surreycontracting.cumulusdigital.co.uk/","1125 x 649","Chrome 148.0.0.0","Windows 10","DONE","HQ copy applied: '...across Surrey, London and the South East' (live)"
"37","Jason","Local Roots eith a Nationwide reach.","active","","2026-06-07 18:59","Version 1","https://usepastel.com/link/o1gj710o/comment/11765315/","","","","","https://user-assets.usepastel.com/screenshot/2eBQum6zCEXFyLp7.jpg","https://surreycontracting.cumulusdigital.co.uk/","1125 x 649","Chrome 148.0.0.0","Windows 10","DONE","Homepage coverage heading -> 'Local roots with a nationwide reach' (live)"
"38","Jason","Contact us about your project.","active","","2026-06-07 19:00","Version 1","https://usepastel.com/link/o1gj710o/comment/11765320/","","","","","https://user-assets.usepastel.com/screenshot/odSuXuC5qUsngnlD.jpg","https://surreycontracting.cumulusdigital.co.uk/","1125 x 649","Chrome 148.0.0.0","Windows 10","FLAGGED (sign-off)","Jason's wording captured — confirm exact target element before applying"
"39","Jason","Remove","active","","2026-06-07 19:01","Version 1","https://usepastel.com/link/o1gj710o/comment/11765321/","","","","","https://user-assets.usepastel.com/screenshot/vg0hFiTQxuXkxvOH.jpg","https://surreycontracting.cumulusdigital.co.uk/","1125 x 649","Chrome 148.0.0.0","Windows 10","NEEDS CLARIFICATION","Bare 'Remove' — need to know which element (check screenshot)"
"40","Jason","Add in Demoltion ","active","","2026-06-07 19:01","Version 1","https://usepastel.com/link/o1gj710o/comment/11765322/","","","","","https://user-assets.usepastel.com/screenshot/pXWNLzgO462exUaI.jpg","https://surreycontracting.cumulusdigital.co.uk/","1125 x 649","Chrome 148.0.0.0","Windows 10","DONE","Demolition added to homepage service tiles, hero sub-copy & word-rotator (live)"
"41","Jason","wwws","active","","2026-06-07 19:03","Version 1","https://usepastel.com/link/o1gj710o/comment/11765330/","","","","","https://user-assets.usepastel.com/screenshot/OEnj3bPfoIQ1gLCI.jpg","https://surreycontracting.cumulusdigital.co.uk/demolition","1125 x 649","Chrome 148.0.0.0","Windows 10","FLAGGED (sign-off)","Jason's wording captured — confirm exact target element before applying"
"42","Jason","Commercial and residential demoltion services acorss, Surrey, London and the South East.","active","","2026-06-07 19:03","Version 1","https://usepastel.com/link/o1gj710o/comment/11765332/","","","","","https://user-assets.usepastel.com/screenshot/V2798Pado7ciQJhq.jpg","https://surreycontracting.cumulusdigital.co.uk/demolition","1125 x 649","Chrome 148.0.0.0","Windows 10","DONE","Demolition hero lede -> '...services across Surrey, London and the South East' (live)"
"43","Jason","CSCS & CCDO qualified operatives","active","","2026-06-07 19:05","Version 1","https://usepastel.com/link/o1gj710o/comment/11765335/","","","","","https://user-assets.usepastel.com/screenshot/PDTbMLyciv2ilbMd.jpg","https://surreycontracting.cumulusdigital.co.uk/demolition","1125 x 649","Chrome 148.0.0.0","Windows 10","DONE","Demolition: 'CSCS & CPCS' -> 'CSCS & CCDO qualified operatives' (live)"
"44","Jason","Complete residential and commercial site demolition ","active","","2026-06-07 19:05","Version 1","https://usepastel.com/link/o1gj710o/comment/11765337/","","","","","https://user-assets.usepastel.com/screenshot/544z3lNuw5dGi5TA.jpg","https://surreycontracting.cumulusdigital.co.uk/demolition","1125 x 649","Chrome 148.0.0.0","Windows 10","FLAGGED (sign-off)","Jason's wording captured — confirm exact target element before applying"
"45","Jason","Our team provide a wealth of knowlage and experience thus to ensure your project is compelted on shedule and on budget.","active","","2026-06-07 19:08","Version 1","https://usepastel.com/link/o1gj710o/comment/11765346/","","","","","https://user-assets.usepastel.com/screenshot/RwR68eHUWMYnfY9y.jpg","https://surreycontracting.cumulusdigital.co.uk/demolition","1125 x 649","Chrome 148.0.0.0","Windows 10","FLAGGED (sign-off)","Jason's wording captured — confirm exact target element before applying"
"46","Jason","Complete soft strip out solutions ","active","","2026-06-07 19:09","Version 1","https://usepastel.com/link/o1gj710o/comment/11765349/","","","","","https://user-assets.usepastel.com/screenshot/N3WjdqqzNTYKBbWQ.jpg","https://surreycontracting.cumulusdigital.co.uk/demolition","1125 x 649","Chrome 148.0.0.0","Windows 10","FLAGGED (sign-off)","Jason's wording captured — confirm exact target element before applying"
"47","Jason","Professional groundworks contractor across Surrey, London and South East. ","active","","2026-06-07 19:12","Version 1","https://usepastel.com/link/o1gj710o/comment/11765358/","","","","","https://user-assets.usepastel.com/screenshot/hr9f44yzqh7Q4pUH.jpg","https://surreycontracting.cumulusdigital.co.uk/groundworks","1125 x 649","Chrome 148.0.0.0","Windows 10","FLAGGED (sign-off)","Jason's wording captured — confirm exact target element before applying"
"48","Jason","Surrey Contracting offers a full range of groundworks services to residential and commercial clients across Surrey, London and the South East.

With over 15 years of industry experience, you can be confident your project is in safe hands. At Surrey Contracting, health and safety is central to everything we do. We continuously provide our staff with up-to-date training, ensuring every project is undertaken safely and efficiently.","active","","2026-06-07 19:19","Version 1","https://usepastel.com/link/o1gj710o/comment/11765372/","","","","","https://user-assets.usepastel.com/screenshot/xwec7XgMubecuH05.jpg","https://surreycontracting.cumulusdigital.co.uk/groundworks","1125 x 649","Chrome 148.0.0.0","Windows 10","FLAGGED (sign-off)","Jason's wording captured — confirm exact target element before applying"
"49","Jason","including formwork, steel fixing, concrete works and build works to DPC.","active","","2026-06-07 19:21","Version 1","https://usepastel.com/link/o1gj710o/comment/11765374/","","","","","https://user-assets.usepastel.com/screenshot/Knz9fVgmElYLZi1A.jpg","https://surreycontracting.cumulusdigital.co.uk/groundworks","1125 x 649","Chrome 148.0.0.0","Windows 10","FLAGGED (sign-off)","Jason's wording captured — confirm exact target element before applying"
"50","Jason","Build to DPC","active","","2026-06-07 19:21","Version 1","https://usepastel.com/link/o1gj710o/comment/11765375/","","","","","https://user-assets.usepastel.com/screenshot/JEk9Tz76h31UwAjE.jpg","https://surreycontracting.cumulusdigital.co.uk/groundworks","1125 x 649","Chrome 148.0.0.0","Windows 10","FLAGGED (sign-off)","Jason's wording captured — confirm exact target element before applying"
"51","Jason","Change image - Ed to confirm with jason on excat image ","active","","2026-06-07 19:24","Version 1","https://usepastel.com/link/o1gj710o/comment/11765378/","","","","","https://user-assets.usepastel.com/screenshot/Ewnn4hxVUYDaLUlI.jpg","https://surreycontracting.cumulusdigital.co.uk/groundworks","1125 x 649","Chrome 148.0.0.0","Windows 10","NEEDS IMAGE","Image swap — supply URL in IMAGES-REQUIRED.md"
"52","Jason","Change image ","active","","2026-06-07 19:25","Version 1","https://usepastel.com/link/o1gj710o/comment/11765379/","","","","","https://user-assets.usepastel.com/screenshot/nEWbVpsBGDMQU87h.jpg","https://surreycontracting.cumulusdigital.co.uk/groundworks","1125 x 649","Chrome 148.0.0.0","Windows 10","NEEDS IMAGE","Image swap — supply URL in IMAGES-REQUIRED.md"
"53","Jason","Pool and lake excavations ","active","","2026-06-07 19:25","Version 1","https://usepastel.com/link/o1gj710o/comment/11765380/","","","","","https://user-assets.usepastel.com/screenshot/QWnKJUgM86gAG6q8.jpg","https://surreycontracting.cumulusdigital.co.uk/groundworks","1125 x 649","Chrome 148.0.0.0","Windows 10","FLAGGED (sign-off)","Jason's wording captured — confirm exact target element before applying"
"54","Jason","Remove ","active","","2026-06-07 19:26","Version 1","https://usepastel.com/link/o1gj710o/comment/11765384/","","","","","https://user-assets.usepastel.com/screenshot/LV7FGW03C2GLShAz.jpg","https://surreycontracting.cumulusdigital.co.uk/groundworks","1125 x 649","Chrome 148.0.0.0","Windows 10","NEEDS CLARIFICATION","Bare 'Remove' — need to know which element (check screenshot)"
"55","Jason","Remove ","active","","2026-06-07 19:26","Version 1","https://usepastel.com/link/o1gj710o/comment/11765385/","","","","","https://user-assets.usepastel.com/screenshot/VgkWQG4Ueck5zhKB.jpg","https://surreycontracting.cumulusdigital.co.uk/groundworks","1125 x 649","Chrome 148.0.0.0","Windows 10","NEEDS CLARIFICATION","Bare 'Remove' — need to know which element (check screenshot)"
"56","Jason","Surrey, London & the South East","active","","2026-06-07 19:27","Version 1","https://usepastel.com/link/o1gj710o/comment/11765388/","","","","","https://user-assets.usepastel.com/screenshot/dDj3QnoXAOrii6AI.jpg","https://surreycontracting.cumulusdigital.co.uk/earthworks","1125 x 649","Chrome 148.0.0.0","Windows 10","FLAGGED (sign-off)","Jason's wording captured — confirm exact target element before applying"
"57","Jason","Residential and Commercial earthmoving soultions, expertly delivered.","active","","2026-06-07 19:28","Version 1","https://usepastel.com/link/o1gj710o/comment/11765389/","","","","","https://user-assets.usepastel.com/screenshot/7iv7qTKzlN6meMLT.jpg","https://surreycontracting.cumulusdigital.co.uk/earthworks","1125 x 649","Chrome 148.0.0.0","Windows 10","FLAGGED (sign-off)","Jason's wording captured — confirm exact target element before applying"
"58","Jason","Remove - Fo larger projects we operate up to 22ton excavators.","active","","2026-06-07 19:29","Version 1","https://usepastel.com/link/o1gj710o/comment/11765390/","","","","","https://user-assets.usepastel.com/screenshot/aROFf4Xr0dSrqRxh.jpg","https://surreycontracting.cumulusdigital.co.uk/earthworks","1125 x 649","Chrome 148.0.0.0","Windows 10","DONE","Earthworks: removed '...up to 22-tonne excavators' sentence (live)"
"59","Jason","remove - whether you need footings dug driange installed or a large scale cut and fill operations completed to precise levels and tolerances.

change to this.
Wether you need to level your site or have a complete cut and fill project completed Surrey Contracting can proivde solutions for projects of all sizes and complexities.","active","","2026-06-07 19:32","Version 1","https://usepastel.com/link/o1gj710o/comment/11765399/","","","","","https://user-assets.usepastel.com/screenshot/qaDaFkiXc9yCBq1n.jpg","https://surreycontracting.cumulusdigital.co.uk/earthworks","1125 x 649","Chrome 148.0.0.0","Windows 10","DONE","Earthworks: replaced 'footings dug...' sentence with your cut-and-fill version (live)"
"60","Jason","or othewise known as cut and fill","active","","2026-06-07 19:41","Version 1","https://usepastel.com/link/o1gj710o/comment/11765411/","","","","","https://user-assets.usepastel.com/screenshot/SSKR64dIweUCFY0f.jpg","https://surreycontracting.cumulusdigital.co.uk/earthworks","1125 x 649","Chrome 148.0.0.0","Windows 10","FLAGGED (sign-off)","Jason's wording captured — confirm exact target element before applying"
"61","Jason","We specilalise in bulk excavation works, whether its for a new swimming pool or adjustments to a existing lake or pond we can proivde a complete solution from start to finish. ","active","","2026-06-07 19:46","Version 1","https://usepastel.com/link/o1gj710o/comment/11765419/","","","","","https://user-assets.usepastel.com/screenshot/mfBGpYwU9Rvoxe95.jpg","https://surreycontracting.cumulusdigital.co.uk/earthworks","1125 x 649","Chrome 148.0.0.0","Windows 10","FLAGGED (sign-off)","Jason's wording captured — confirm exact target element before applying"
"62","Jason","Lakes, Ponds and swimming pools","active","","2026-06-07 19:46","Version 1","https://usepastel.com/link/o1gj710o/comment/11765420/","","","","","https://user-assets.usepastel.com/screenshot/b44W8C41Oan6g3wt.jpg","https://surreycontracting.cumulusdigital.co.uk/earthworks","1125 x 649","Chrome 148.0.0.0","Windows 10","FLAGGED (sign-off)","Jason's wording captured — confirm exact target element before applying"
"63","Jason","change image ","active","","2026-06-07 19:47","Version 1","https://usepastel.com/link/o1gj710o/comment/11765422/","","","","","https://user-assets.usepastel.com/screenshot/oMzYqpccoK2GIFNY.jpg","https://surreycontracting.cumulusdigital.co.uk/earthworks","1125 x 649","Chrome 148.0.0.0","Windows 10","NEEDS IMAGE","Image swap — supply URL in IMAGES-REQUIRED.md"
"64","Jason","Maybe change image tbc","active","","2026-06-07 19:48","Version 1","https://usepastel.com/link/o1gj710o/comment/11765423/","","","","","https://user-assets.usepastel.com/screenshot/F5JVbDZCv4q5DKzI.jpg","https://surreycontracting.cumulusdigital.co.uk/earthworks","1125 x 649","Chrome 148.0.0.0","Windows 10","NEEDS IMAGE","Image swap — supply URL in IMAGES-REQUIRED.md"
"65","Jason","Land and Site levelling","active","","2026-06-07 19:48","Version 1","https://usepastel.com/link/o1gj710o/comment/11765427/","","","","","https://user-assets.usepastel.com/screenshot/Sd9rMoNvpZpoaPy3.jpg","https://surreycontracting.cumulusdigital.co.uk/earthworks","1125 x 649","Chrome 148.0.0.0","Windows 10","FLAGGED (sign-off)","Jason's wording captured — confirm exact target element before applying"
"66","Jason","and site ","active","","2026-06-07 19:48","Version 1","https://usepastel.com/link/o1gj710o/comment/11765428/","","","","","https://user-assets.usepastel.com/screenshot/OQBaDBWSrlnb2Yas.jpg","https://surreycontracting.cumulusdigital.co.uk/earthworks","1125 x 649","Chrome 148.0.0.0","Windows 10","FLAGGED (sign-off)","Jason's wording captured — confirm exact target element before applying"
"67","Jason","Remove","active","","2026-06-07 19:49","Version 1","https://usepastel.com/link/o1gj710o/comment/11765429/","","","","","https://user-assets.usepastel.com/screenshot/jqXuwIoraJhia73J.jpg","https://surreycontracting.cumulusdigital.co.uk/earthworks","1125 x 649","Chrome 148.0.0.0","Windows 10","NEEDS CLARIFICATION","Bare 'Remove' — need to know which element (check screenshot)"
"68","Jason","Surrey Contracting Limited is a specalist contractor providing turnkey solutions for projects across Surrey, London and the South East.","active","","2026-06-07 19:50","Version 1","https://usepastel.com/link/o1gj710o/comment/11765432/","","","","","https://user-assets.usepastel.com/screenshot/JFgwhTKcfj5LIKjI.jpg","https://surreycontracting.cumulusdigital.co.uk/earthworks","1125 x 649","Chrome 148.0.0.0","Windows 10","FLAGGED (sign-off)","Jason's wording captured — confirm exact target element before applying"
"69","Jason","Chane image ","active","","2026-06-07 19:51","Version 1","https://usepastel.com/link/o1gj710o/comment/11765434/","","","","","https://user-assets.usepastel.com/screenshot/f2hUih21coDze1jK.jpg","https://surreycontracting.cumulusdigital.co.uk/surfacing","1125 x 649","Chrome 148.0.0.0","Windows 10","NEEDS IMAGE","Image swap — supply URL in IMAGES-REQUIRED.md"
"70","Jason","change to this image ","active","","2026-06-07 19:52","Version 1","https://usepastel.com/link/o1gj710o/comment/11765437/","","","","","https://user-assets.usepastel.com/screenshot/GuNdzRGerc295L0h.jpg","https://surreycontracting.cumulusdigital.co.uk/earthworks","1125 x 649","Chrome 148.0.0.0","Windows 10","NEEDS IMAGE","Image swap — supply URL in IMAGES-REQUIRED.md"
"71","Jason","change to this image ","active","","2026-06-07 19:54","Version 1","https://usepastel.com/link/o1gj710o/comment/11765438/","","","","","https://user-assets.usepastel.com/screenshot/cn9li2vLffjAjlir.jpg","https://surreycontracting.cumulusdigital.co.uk/demolition","1125 x 649","Chrome 148.0.0.0","Windows 10","NEEDS IMAGE","Image swap — supply URL in IMAGES-REQUIRED.md"
"72","Jason","change to this image ","active","","2026-06-07 19:55","Version 1","https://usepastel.com/link/o1gj710o/comment/11765440/","","","","","https://user-assets.usepastel.com/screenshot/IfByfhmG9SXCxMk6.jpg","https://surreycontracting.cumulusdigital.co.uk/groundworks","1125 x 649","Chrome 148.0.0.0","Windows 10","NEEDS IMAGE","Image swap — supply URL in IMAGES-REQUIRED.md"
"73","Jason","chnage to this image ","active","","2026-06-07 19:56","Version 1","https://usepastel.com/link/o1gj710o/comment/11765442/","","","","","https://user-assets.usepastel.com/screenshot/b94s4eeK9xYeD33S.jpg","https://surreycontracting.cumulusdigital.co.uk/groundworks","1125 x 649","Chrome 148.0.0.0","Windows 10","NEEDS IMAGE","Image swap — supply URL in IMAGES-REQUIRED.md"
"74","Jason","chnage to this image ","active","","2026-06-07 19:57","Version 1","https://usepastel.com/link/o1gj710o/comment/11765443/","","","","","https://user-assets.usepastel.com/screenshot/hxS6yPKi2MGk9GgQ.jpg","https://surreycontracting.cumulusdigital.co.uk/groundworks","1125 x 649","Chrome 148.0.0.0","Windows 10","NEEDS IMAGE","Image swap — supply URL in IMAGES-REQUIRED.md"
"75","Jason","chnage this image to the one above ","active","","2026-06-07 19:59","Version 1","https://usepastel.com/link/o1gj710o/comment/11765448/","","","","","https://user-assets.usepastel.com/screenshot/UFDDJLyMuUfsad1m.jpg","https://surreycontracting.cumulusdigital.co.uk/surfacing","1125 x 649","Chrome 148.0.0.0","Windows 10","NEEDS IMAGE","Image swap — supply URL in IMAGES-REQUIRED.md"
"76","Jason","chnage image to this ","active","","2026-06-07 20:00","Version 1","https://usepastel.com/link/o1gj710o/comment/11765449/","","","","","https://user-assets.usepastel.com/screenshot/vw4yzd5Pw6na7oEs.jpg","https://surreycontracting.cumulusdigital.co.uk/surfacing","1125 x 649","Chrome 148.0.0.0","Windows 10","NEEDS IMAGE","Image swap — supply URL in IMAGES-REQUIRED.md"
"77","Jason","chnage this image to the one in the header ","active","","2026-06-07 20:01","Version 1","https://usepastel.com/link/o1gj710o/comment/11765453/","","","","","https://user-assets.usepastel.com/screenshot/dsTQR9uC2Azoaa57.jpg","https://surreycontracting.cumulusdigital.co.uk/surfacing","1125 x 649","Chrome 148.0.0.0","Windows 10","NEEDS IMAGE","Image swap — supply URL in IMAGES-REQUIRED.md"
"78","Jason","chnage to paving","active","","2026-06-07 20:02","Version 1","https://usepastel.com/link/o1gj710o/comment/11765456/","","","","","https://user-assets.usepastel.com/screenshot/AJp3xR1z0iWCJopn.jpg","https://surreycontracting.cumulusdigital.co.uk/surfacing","1125 x 649","Chrome 148.0.0.0","Windows 10","NEEDS IMAGE","Image swap — supply URL in IMAGES-REQUIRED.md"
"79","Jason","and night work ","active","","2026-06-07 20:03","Version 1","https://usepastel.com/link/o1gj710o/comment/11765460/","","","","","https://user-assets.usepastel.com/screenshot/bB6USdh3379BJT6J.jpg","https://surreycontracting.cumulusdigital.co.uk/surfacing","1125 x 649","Chrome 148.0.0.0","Windows 10","FLAGGED (sign-off)","Jason's wording captured — confirm exact target element before applying"
"80","Jason","Paving ","active","","2026-06-07 20:03","Version 1","https://usepastel.com/link/o1gj710o/comment/11765462/","","","","","https://user-assets.usepastel.com/screenshot/XAM8OcV7eEYRfIDJ.jpg","https://surreycontracting.cumulusdigital.co.uk/surfacing","1125 x 649","Chrome 148.0.0.0","Windows 10","FLAGGED (sign-off)","Jason's wording captured — confirm exact target element before applying"
"81","Jason","High quality material suppliers ","active","","2026-06-07 20:03","Version 1","https://usepastel.com/link/o1gj710o/comment/11765464/","","","","","https://user-assets.usepastel.com/screenshot/Vz47Fw4qhyDRmIvb.jpg","https://surreycontracting.cumulusdigital.co.uk/surfacing","1125 x 649","Chrome 148.0.0.0","Windows 10","FLAGGED (sign-off)","Jason's wording captured — confirm exact target element before applying"
"82","Jason",", London","active","","2026-06-07 20:04","Version 1","https://usepastel.com/link/o1gj710o/comment/11765465/","","","","","https://user-assets.usepastel.com/screenshot/2jtORXtY9eiApDXq.jpg","https://surreycontracting.cumulusdigital.co.uk/surfacing","1125 x 649","Chrome 148.0.0.0","Windows 10","FLAGGED (sign-off)","Jason's wording captured — confirm exact target element before applying"
"83","Jason","Non-Slip and SUDs complient finishes ","active","","2026-06-07 20:05","Version 1","https://usepastel.com/link/o1gj710o/comment/11765469/","","","","","https://user-assets.usepastel.com/screenshot/DI4lWcT4AYniq5h3.jpg","https://surreycontracting.cumulusdigital.co.uk/surfacing","1125 x 649","Chrome 148.0.0.0","Windows 10","FLAGGED (sign-off)","Jason's wording captured — confirm exact target element before applying"
"84","Jason","Surrey Contracting Limited ","active","","2026-06-07 20:06","Version 1","https://usepastel.com/link/o1gj710o/comment/11765477/","","","","","https://user-assets.usepastel.com/screenshot/nYh4z71ITs6oSTOl.jpg","https://surreycontracting.cumulusdigital.co.uk/surfacing","1125 x 649","Chrome 148.0.0.0","Windows 10","FLAGGED (sign-off)","Jason's wording captured — confirm exact target element before applying"
"85","Jason","Remove ","active","","2026-06-07 20:07","Version 1","https://usepastel.com/link/o1gj710o/comment/11765480/","","","","","https://user-assets.usepastel.com/screenshot/d1rGbPmMOUncL5xk.jpg","https://surreycontracting.cumulusdigital.co.uk/surfacing","1125 x 649","Chrome 148.0.0.0","Windows 10","NEEDS CLARIFICATION","Bare 'Remove' — need to know which element (check screenshot)"
"86","Jason","Add in Demolition","active","","2026-06-07 20:07","Version 1","https://usepastel.com/link/o1gj710o/comment/11765481/","","","","","https://user-assets.usepastel.com/screenshot/gYqLQuz8eRCWsZl6.jpg","https://surreycontracting.cumulusdigital.co.uk/surfacing","1125 x 649","Chrome 148.0.0.0","Windows 10","FLAGGED (sign-off)","Jason's wording captured — confirm exact target element before applying"
"87","Jason","Chnage throughout","active","","2026-06-07 20:07","Version 1","https://usepastel.com/link/o1gj710o/comment/11765485/","","","","","https://user-assets.usepastel.com/screenshot/jItxJtlp9KQQWFYc.jpg","https://surreycontracting.cumulusdigital.co.uk/surfacing","1125 x 649","Chrome 148.0.0.0","Windows 10","NEEDS CLARIFICATION","'Change throughout' — confirm exactly what wording to change site-wide"
"88","Jason","Change image ","active","","2026-06-07 20:08","Version 1","https://usepastel.com/link/o1gj710o/comment/11765486/","","","","","https://user-assets.usepastel.com/screenshot/W8Y1G6LseVPyirm5.jpg","https://surreycontracting.cumulusdigital.co.uk/health-safety","1125 x 649","Chrome 148.0.0.0","Windows 10","NEEDS IMAGE","Image swap — supply URL in IMAGES-REQUIRED.md"
"89","Jason","REMOVE WORDING","active","","2026-06-07 20:08","Version 1","https://usepastel.com/link/o1gj710o/comment/11765488/","","","","","https://user-assets.usepastel.com/screenshot/g8YhJhOjlTsD2iR9.jpg","https://surreycontracting.cumulusdigital.co.uk/health-safety","1125 x 649","Chrome 148.0.0.0","Windows 10","NEEDS CLARIFICATION","'REMOVE WORDING' — need to know which text block (H&S page)"
"90","Jason","REMOVE WORDING ","active","","2026-06-07 20:08","Version 1","https://usepastel.com/link/o1gj710o/comment/11765489/","","","","","https://user-assets.usepastel.com/screenshot/w18VyNJkoucLmrxK.jpg","https://surreycontracting.cumulusdigital.co.uk/health-safety","1125 x 649","Chrome 148.0.0.0","Windows 10","NEEDS CLARIFICATION","'REMOVE WORDING' — need to know which text block (H&S page)"
"91","Jason","REMOVE WORDING ","active","","2026-06-07 20:09","Version 1","https://usepastel.com/link/o1gj710o/comment/11765490/","","","","","https://user-assets.usepastel.com/screenshot/7PQaZUyMToeWq7GV.jpg","https://surreycontracting.cumulusdigital.co.uk/health-safety","1125 x 649","Chrome 148.0.0.0","Windows 10","NEEDS CLARIFICATION","'REMOVE WORDING' — need to know which text block (H&S page)"
"92","Jason","REMOVE WORDING ","active","","2026-06-07 20:09","Version 1","https://usepastel.com/link/o1gj710o/comment/11765491/","","","","","https://user-assets.usepastel.com/screenshot/I9xCAQmetCNKoFkw.jpg","https://surreycontracting.cumulusdigital.co.uk/health-safety","1125 x 649","Chrome 148.0.0.0","Windows 10","NEEDS CLARIFICATION","'REMOVE WORDING' — need to know which text block (H&S page)"
"93","Jason","Audited. Verified. Complient 

Remove on the record ","active","","2026-06-07 20:09","Version 1","https://usepastel.com/link/o1gj710o/comment/11765492/","","","","","https://user-assets.usepastel.com/screenshot/Nsk100Rk2ZpOdCI1.jpg","https://surreycontracting.cumulusdigital.co.uk/health-safety","1125 x 649","Chrome 148.0.0.0","Windows 10","FLAGGED (sign-off)","Jason's wording captured — confirm exact target element before applying"
"94","Jason","Remove ","active","","2026-06-07 20:09","Version 1","https://usepastel.com/link/o1gj710o/comment/11765493/","","","","","https://user-assets.usepastel.com/screenshot/xmL7AVdELOjroW1M.jpg","https://surreycontracting.cumulusdigital.co.uk/health-safety","1125 x 649","Chrome 148.0.0.0","Windows 10","NEEDS CLARIFICATION","Bare 'Remove' — need to know which element (check screenshot)"
"95","Jason","Change to - Public sectors ","active","","2026-06-07 20:11","Version 1","https://usepastel.com/link/o1gj710o/comment/11765496/","","","","","https://user-assets.usepastel.com/screenshot/jdMnxcUizijFXdhe.jpg","https://surreycontracting.cumulusdigital.co.uk/sectors","1125 x 649","Chrome 148.0.0.0","Windows 10","DONE","Sectors 'Government' -> 'Public Sector' (live)"
"96","Jason","From a small groundworks project to a full scale self build we are small enough to care and large to cope.","active","","2026-06-07 20:12","Version 1","https://usepastel.com/link/o1gj710o/comment/11765504/","","","","","https://user-assets.usepastel.com/screenshot/SUvPL1wl4I0XzSEm.jpg","https://surreycontracting.cumulusdigital.co.uk/sectors","1125 x 649","Chrome 148.0.0.0","Windows 10","FLAGGED (sign-off)","Jason's wording captured — confirm exact target element before applying"
"97","Jason","We work with various public sectors providing complete project solutions from site enabling works rite through to the finished surface.","active","","2026-06-07 20:14","Version 1","https://usepastel.com/link/o1gj710o/comment/11765508/","","","","","https://user-assets.usepastel.com/screenshot/0tRTT5KVarW273qp.jpg","https://surreycontracting.cumulusdigital.co.uk/sectors","1125 x 649","Chrome 148.0.0.0","Windows 10","FLAGGED (sign-off)","Jason's wording captured — confirm exact target element before applying"
"98","Jason","We proivde our services to the commercial sector from demolition to the finished surface we work closely with our clients to ensure project delivery is simple from stsrt to finish.","active","","2026-06-07 20:15","Version 1","https://usepastel.com/link/o1gj710o/comment/11765513/","","","","","https://user-assets.usepastel.com/screenshot/DQNU1455ss2ruUeU.jpg","https://surreycontracting.cumulusdigital.co.uk/sectors","1125 x 649","Chrome 148.0.0.0","Windows 10","FLAGGED (sign-off)","Jason's wording captured — confirm exact target element before applying"
"99","Jason","Offering complete solutions for schools and nurserys across Surrey, London and the South East as a fully DBS checked team we work closely with various edicational facilities providing Groundworks and surfacing services.","active","","2026-06-07 20:17","Version 1","https://usepastel.com/link/o1gj710o/comment/11765522/","","","","","https://user-assets.usepastel.com/screenshot/ejyDoXKnKgnqhEH5.jpg","https://surreycontracting.cumulusdigital.co.uk/sectors","1125 x 649","Chrome 148.0.0.0","Windows 10","FLAGGED (sign-off)","Jason's wording captured — confirm exact target element before applying"
"100","Jason","We offer external services for hotel and lesuire facilities offering repairs and complete project delivery.","active","","2026-06-07 20:19","Version 1","https://usepastel.com/link/o1gj710o/comment/11765525/","","","","","https://user-assets.usepastel.com/screenshot/eVNoxZ88McHuT418.jpg","https://surreycontracting.cumulusdigital.co.uk/sectors","1125 x 649","Chrome 148.0.0.0","Windows 10","FLAGGED (sign-off)","Jason's wording captured — confirm exact target element before applying"
"101","Jason","chnage image ","active","","2026-06-07 20:20","Version 1","https://usepastel.com/link/o1gj710o/comment/11765528/","","","","","https://user-assets.usepastel.com/screenshot/RjBtW6GujN0G2Aef.jpg","https://surreycontracting.cumulusdigital.co.uk/sectors","1125 x 649","Chrome 148.0.0.0","Windows 10","NEEDS IMAGE","Image swap — supply URL in IMAGES-REQUIRED.md"
"102","Jason","chnage image ","active","","2026-06-07 20:20","Version 1","https://usepastel.com/link/o1gj710o/comment/11765531/","","","","","https://user-assets.usepastel.com/screenshot/hpkX2A7oFAxL7W2G.jpg","https://surreycontracting.cumulusdigital.co.uk/sectors","1125 x 649","Chrome 148.0.0.0","Windows 10","NEEDS IMAGE","Image swap — supply URL in IMAGES-REQUIRED.md"
"103","Jason","chnage image ","active","","2026-06-07 20:20","Version 1","https://usepastel.com/link/o1gj710o/comment/11765533/","","","","","https://user-assets.usepastel.com/screenshot/kcY7BACGQuJMVQDD.jpg","https://surreycontracting.cumulusdigital.co.uk/sectors","1125 x 649","Chrome 148.0.0.0","Windows 10","NEEDS IMAGE","Image swap — supply URL in IMAGES-REQUIRED.md"
"104","Jason","Remove ","active","","2026-06-07 20:21","Version 1","https://usepastel.com/link/o1gj710o/comment/11765536/","","","","","https://user-assets.usepastel.com/screenshot/Baj3wlUqqyTLNn32.jpg","https://surreycontracting.cumulusdigital.co.uk/sectors","1125 x 649","Chrome 148.0.0.0","Windows 10","NEEDS CLARIFICATION","Bare 'Remove' — need to know which element (check screenshot)"
"105","Jason","Surrey Contracting Limited ","active","","2026-06-07 20:21","Version 1","https://usepastel.com/link/o1gj710o/comment/11765538/","","","","","https://user-assets.usepastel.com/screenshot/sUv37Tthegz7vlDu.jpg","https://surreycontracting.cumulusdigital.co.uk/sectors","1125 x 649","Chrome 148.0.0.0","Windows 10","FLAGGED (sign-off)","Jason's wording captured — confirm exact target element before applying"
"106","Jason","Remove ","active","","2026-06-07 20:22","Version 1","https://usepastel.com/link/o1gj710o/comment/11765539/","","","","","https://user-assets.usepastel.com/screenshot/VjzI9UImN6pYfVf7.jpg","https://surreycontracting.cumulusdigital.co.uk/sectors","1125 x 649","Chrome 148.0.0.0","Windows 10","NEEDS CLARIFICATION","Bare 'Remove' — need to know which element (check screenshot)"
"107","Jason","Add in - Demolition ","active","","2026-06-07 20:22","Version 1","https://usepastel.com/link/o1gj710o/comment/11765540/","","","","","https://user-assets.usepastel.com/screenshot/aKVN4FrlZHOTVA6V.jpg","https://surreycontracting.cumulusdigital.co.uk/sectors","1125 x 649","Chrome 148.0.0.0","Windows 10","FLAGGED (sign-off)","Jason's wording captured — confirm exact target element before applying"
"108","Jason","Change to match the same wording throughout","active","","2026-06-07 20:22","Version 1","https://usepastel.com/link/o1gj710o/comment/11765543/","","","","","https://user-assets.usepastel.com/screenshot/Vq2h1NQiSAaURtbd.jpg","https://surreycontracting.cumulusdigital.co.uk/sectors","1125 x 649","Chrome 148.0.0.0","Windows 10","NEEDS CLARIFICATION","'Match wording throughout' — confirm the target wording"
"109","Jason","chnage to  - Real people with real experience ","active","","2026-06-07 20:23","Version 1","https://usepastel.com/link/o1gj710o/comment/11765549/","","","","","https://user-assets.usepastel.com/screenshot/vRUdRyVdYeJrmHOg.jpg","https://surreycontracting.cumulusdigital.co.uk/contact","1125 x 649","Chrome 148.0.0.0","Windows 10","DONE","Contact heading -> 'Real people with real experience' (live)"
"110","Jason","From Quote to hand over, one person, one point of contact from end to end. ","active","","2026-06-07 20:24","Version 1","https://usepastel.com/link/o1gj710o/comment/11765555/","","","","","https://user-assets.usepastel.com/screenshot/vN5kd2ixAIZzXsdp.jpg","https://surreycontracting.cumulusdigital.co.uk/contact","1125 x 649","Chrome 148.0.0.0","Windows 10","FLAGGED (sign-off)","Jason's wording captured — confirm exact target element before applying"
"111","Jason","Surrey Contracting Limited ","active","","2026-06-07 20:24","Version 1","https://usepastel.com/link/o1gj710o/comment/11765556/","","","","","https://user-assets.usepastel.com/screenshot/zxMXWPMAYeiD8AIm.jpg","https://surreycontracting.cumulusdigital.co.uk/contact","1125 x 649","Chrome 148.0.0.0","Windows 10","FLAGGED (sign-off)","Jason's wording captured — confirm exact target element before applying"
"112","Jason","Remove ","active","","2026-06-07 20:24","Version 1","https://usepastel.com/link/o1gj710o/comment/11765557/","","","","","https://user-assets.usepastel.com/screenshot/Nor0ovyjoYgCUSB2.jpg","https://surreycontracting.cumulusdigital.co.uk/contact","1125 x 649","Chrome 148.0.0.0","Windows 10","NEEDS CLARIFICATION","Bare 'Remove' — need to know which element (check screenshot)"
"113","Jason","Add in Demolition ","active","","2026-06-07 20:24","Version 1","https://usepastel.com/link/o1gj710o/comment/11765558/","","","","","https://user-assets.usepastel.com/screenshot/lsFf64NaBRysNbVQ.jpg","https://surreycontracting.cumulusdigital.co.uk/contact","1125 x 649","Chrome 148.0.0.0","Windows 10","FLAGGED (sign-off)","Jason's wording captured — confirm exact target element before applying"
"114","Jason","Surrey, London, Soth East","active","","2026-06-07 20:24","Version 1","https://usepastel.com/link/o1gj710o/comment/11765560/","","","","","https://user-assets.usepastel.com/screenshot/GJIVRQPTkr1fjipz.jpg","https://surreycontracting.cumulusdigital.co.uk/contact","1125 x 649","Chrome 148.0.0.0","Windows 10","FLAGGED (sign-off)","Jason's wording captured — confirm exact target element before applying"
"115","Jason","Match Wording throughout ","active","","2026-06-07 20:25","Version 1","https://usepastel.com/link/o1gj710o/comment/11765562/","","","","","https://user-assets.usepastel.com/screenshot/2OwVd2jDKXIf7i80.jpg","https://surreycontracting.cumulusdigital.co.uk/contact","1125 x 649","Chrome 148.0.0.0","Windows 10","NEEDS CLARIFICATION","'Match wording throughout' — confirm the target wording"
"116","Jason","Remove ","active","","2026-06-07 20:25","Version 1","https://usepastel.com/link/o1gj710o/comment/11765564/","","","","","https://user-assets.usepastel.com/screenshot/KxmdvuG2Dic1EI7H.jpg","https://surreycontracting.cumulusdigital.co.uk/contact","1125 x 649","Chrome 148.0.0.0","Windows 10","NEEDS CLARIFICATION","Bare 'Remove' — need to know which element (check screenshot)"
"117","Jason","Add in Demolition","active","","2026-06-07 20:25","Version 1","https://usepastel.com/link/o1gj710o/comment/11765566/","","","","","https://user-assets.usepastel.com/screenshot/yUwc9v0gMzUszx0w.jpg","https://surreycontracting.cumulusdigital.co.uk/contact","1125 x 649","Chrome 148.0.0.0","Windows 10","FLAGGED (sign-off)","Jason's wording captured — confirm exact target element before applying"
"118","Jason","Change to - Surrey Contracting Limited ","active","","2026-06-07 20:25","Version 1","https://usepastel.com/link/o1gj710o/comment/11765567/","","","","","https://user-assets.usepastel.com/screenshot/wElrkCGeusPyE3Hx.jpg","https://surreycontracting.cumulusdigital.co.uk/contact","1125 x 649","Chrome 148.0.0.0","Windows 10","FLAGGED (sign-off)","Jason's wording captured — confirm exact target element before applying"
"119","Jason","Contact us today to discuss your project.","active","","2026-06-07 20:27","Version 1","https://usepastel.com/link/o1gj710o/comment/11765570/","","","","","https://user-assets.usepastel.com/screenshot/7IWoXveLEvR6CiRj.jpg","https://surreycontracting.cumulusdigital.co.uk/contact","1125 x 649","Chrome 148.0.0.0","Windows 10","FLAGGED (sign-off)","Jason's wording captured — confirm exact target element before applying"
"120","Jason","Demoltion, ","active","","2026-06-07 20:27","Version 1","https://usepastel.com/link/o1gj710o/comment/11765573/","","","","","https://user-assets.usepastel.com/screenshot/Z1Dte3tLRSYmnJOm.jpg","https://surreycontracting.cumulusdigital.co.uk/contact","1125 x 649","Chrome 148.0.0.0","Windows 10","FLAGGED (sign-off)","Jason's wording captured — confirm exact target element before applying"
"121","Jason","Remove ","active","","2026-06-07 20:28","Version 1","https://usepastel.com/link/o1gj710o/comment/11765578/","","","","","https://user-assets.usepastel.com/screenshot/UaGKCSWnVhgVsMrk.jpg","https://surreycontracting.cumulusdigital.co.uk/demolition","1125 x 649","Chrome 148.0.0.0","Windows 10","NEEDS CLARIFICATION","Bare 'Remove' — need to know which element (check screenshot)"
"122","Jason","Demolition ","active","","2026-06-07 20:28","Version 1","https://usepastel.com/link/o1gj710o/comment/11765580/","","","","","https://user-assets.usepastel.com/screenshot/eZoeOH7kRDykL7bn.jpg","https://surreycontracting.cumulusdigital.co.uk/demolition","1125 x 649","Chrome 148.0.0.0","Windows 10","FLAGGED (sign-off)","Jason's wording captured — confirm exact target element before applying"
"123","Jason","Remove ","active","","2026-06-07 20:28","Version 1","https://usepastel.com/link/o1gj710o/comment/11765581/","","","","","https://user-assets.usepastel.com/screenshot/oFADa10QzpNpOQ2X.jpg","https://surreycontracting.cumulusdigital.co.uk/demolition","1125 x 649","Chrome 148.0.0.0","Windows 10","NEEDS CLARIFICATION","Bare 'Remove' — need to know which element (check screenshot)"
"124","Jason","Change to match wording ","active","","2026-06-07 20:28","Version 1","https://usepastel.com/link/o1gj710o/comment/11765583/","","","","","https://user-assets.usepastel.com/screenshot/P8LrcwGgg69hXPKw.jpg","https://surreycontracting.cumulusdigital.co.uk/demolition","1125 x 649","Chrome 148.0.0.0","Windows 10","NEEDS CLARIFICATION","Bare 'Remove' — need to know which element (check screenshot)"
"125","Jason","Change - Surrey Contracting Limited ","active","","2026-06-07 20:29","Version 1","https://usepastel.com/link/o1gj710o/comment/11765587/","","","","","https://user-assets.usepastel.com/screenshot/yp2diDRzvByB3AXy.jpg","https://surreycontracting.cumulusdigital.co.uk/demolition","1125 x 649","Chrome 148.0.0.0","Windows 10","FLAGGED (sign-off)","Jason's wording captured — confirm exact target element before applying"
"126","Jason","Change to match wording ","active","","2026-06-07 20:29","Version 1","https://usepastel.com/link/o1gj710o/comment/11765591/","","","","","https://user-assets.usepastel.com/screenshot/lsb3M8pWMYfuoM2W.jpg","https://surreycontracting.cumulusdigital.co.uk/groundworks","1125 x 649","Chrome 148.0.0.0","Windows 10","NEEDS CLARIFICATION","Bare 'Remove' — need to know which element (check screenshot)"
"127","Jason","Add in Demolition ","active","","2026-06-07 20:29","Version 1","https://usepastel.com/link/o1gj710o/comment/11765592/","","","","","https://user-assets.usepastel.com/screenshot/tVpX5acb9wdtYRtM.jpg","https://surreycontracting.cumulusdigital.co.uk/groundworks","1125 x 649","Chrome 148.0.0.0","Windows 10","FLAGGED (sign-off)","Jason's wording captured — confirm exact target element before applying"
"128","Jason","Surrey Contracting Limited ","active","","2026-06-07 20:30","Version 1","https://usepastel.com/link/o1gj710o/comment/11765594/","","","","","https://user-assets.usepastel.com/screenshot/E8RBMCHfbYt9BzNQ.jpg","https://surreycontracting.cumulusdigital.co.uk/groundworks","1125 x 649","Chrome 148.0.0.0","Windows 10","FLAGGED (sign-off)","Jason's wording captured — confirm exact target element before applying"
"129","Jason","Add in Demolition ","active","","2026-06-07 20:30","Version 1","https://usepastel.com/link/o1gj710o/comment/11765595/","","","","","https://user-assets.usepastel.com/screenshot/669ELUICtDmKFlGt.jpg","https://surreycontracting.cumulusdigital.co.uk/earthworks","1125 x 649","Chrome 148.0.0.0","Windows 10","FLAGGED (sign-off)","Jason's wording captured — confirm exact target element before applying"
"130","Jason","Remove ","active","","2026-06-07 20:30","Version 1","https://usepastel.com/link/o1gj710o/comment/11765596/","","","","","https://user-assets.usepastel.com/screenshot/U2BkHwhM7HjAlpGR.jpg","https://surreycontracting.cumulusdigital.co.uk/earthworks","1125 x 649","Chrome 148.0.0.0","Windows 10","NEEDS CLARIFICATION","Bare 'Remove' — need to know which element (check screenshot)"
"131","Jason","Surrey Contracting Limited ","active","","2026-06-07 20:30","Version 1","https://usepastel.com/link/o1gj710o/comment/11765597/","","","","","https://user-assets.usepastel.com/screenshot/aRD6xJMlzoKA72l4.jpg","https://surreycontracting.cumulusdigital.co.uk/earthworks","1125 x 649","Chrome 148.0.0.0","Windows 10","FLAGGED (sign-off)","Jason's wording captured — confirm exact target element before applying"
"132","Jason","Demolition ","active","","2026-06-07 20:31","Version 1","https://usepastel.com/link/o1gj710o/comment/11765600/","","","","","https://user-assets.usepastel.com/screenshot/ExbgwbpQqGi3T95W.jpg","https://surreycontracting.cumulusdigital.co.uk/surfacing","1125 x 649","Chrome 148.0.0.0","Windows 10","FLAGGED (sign-off)","Jason's wording captured — confirm exact target element before applying"
"133","Jason","Demolition ","active","","2026-06-07 20:31","Version 1","https://usepastel.com/link/o1gj710o/comment/11765601/","","","","","https://user-assets.usepastel.com/screenshot/EP3fLaREfjNZljxg.jpg","https://surreycontracting.cumulusdigital.co.uk/demolition","1125 x 649","Chrome 148.0.0.0","Windows 10","FLAGGED (sign-off)","Jason's wording captured — confirm exact target element before applying"
"134","Jason","Demolition ","active","","2026-06-07 20:32","Version 1","https://usepastel.com/link/o1gj710o/comment/11765602/","","","","","https://user-assets.usepastel.com/screenshot/NDt89oHAOMXqyPWl.jpg","https://surreycontracting.cumulusdigital.co.uk/groundworks","1125 x 649","Chrome 148.0.0.0","Windows 10","FLAGGED (sign-off)","Jason's wording captured — confirm exact target element before applying"
"135","Jason","Demolition ","active","","2026-06-07 20:32","Version 1","https://usepastel.com/link/o1gj710o/comment/11765604/","","","","","https://user-assets.usepastel.com/screenshot/jeGLpkwN6arkyFsP.jpg","https://surreycontracting.cumulusdigital.co.uk/earthworks","1125 x 649","Chrome 148.0.0.0","Windows 10","FLAGGED (sign-off)","Jason's wording captured — confirm exact target element before applying"
